track_id,X,Y,Frame,Measurment,Position
1_1,239.812,161.109,0,0.869394,1
1_1,239.812,161.109,1,0.869394,1
2_1,239.842,161.539,0,0.861779,2
3_1,239.842,161.539,1,1,3
3_1,239.842,161.539,2,,3
3_1,239.842,161.539,3,2,3
